{
  "success": false,
  "quality_score": 0.5499999999999999,
  "check_results": {
    "ktf_completeness": {
      "passed": false,
      "score": 0.6,
      "details": {
        "ktf_features_count": 16,
        "problems_count": 0,
        "solutions_count": 1,
        "effects_count": 0,
        "missing_elements": [
          "problems",
          "effects"
        ],
        "recommendations": [
          "Document at least one technical problem",
          "Document at least one technical effect",
          "Good: Rich set of technical features documented"
        ],
        "errors": [],
        "warnings": [
          "KTF feature 1: Description is too short",
          "KTF feature 2: Description is too short",
          "KTF feature 3: Description is too short",
          "KTF feature 4: Description is too short",
          "KTF feature 5: Description is too short",
          "KTF feature 6: Description is too short",
          "KTF feature 7: Description is too short",
          "KTF feature 8: Description is too short",
          "KTF feature 9: Description is too short",
          "KTF feature 10: Description is too short",
          "KTF feature 11: Description is too short",
          "KTF feature 12: Description is too short",
          "KTF feature 13: Description is too short",
          "KTF feature 14: Description is too short",
          "KTF feature 15: Description is too short",
          "KTF feature 16: Description is too short",
          "Low coherence between problems, solutions, and effects"
        ]
      },
      "errors": [],
      "warnings": [
        "KTF feature 1: Description is too short",
        "KTF feature 2: Description is too short",
        "KTF feature 3: Description is too short",
        "KTF feature 4: Description is too short",
        "KTF feature 5: Description is too short",
        "KTF feature 6: Description is too short",
        "KTF feature 7: Description is too short",
        "KTF feature 8: Description is too short",
        "KTF feature 9: Description is too short",
        "KTF feature 10: Description is too short",
        "KTF feature 11: Description is too short",
        "KTF feature 12: Description is too short",
        "KTF feature 13: Description is too short",
        "KTF feature 14: Description is too short",
        "KTF feature 15: Description is too short",
        "KTF feature 16: Description is too short",
        "Low coherence between problems, solutions, and effects"
      ]
    },
    "supportability": {
      "passed": false,
      "score": 0.0,
      "details": {
        "claims_count": 6,
        "supported_claims": 0,
        "unsupported_claims": [
          1,
          2,
          3,
          4,
          5,
          6
        ],
        "support_scores": {
          "claim_1": 0.0,
          "claim_2": 0.0,
          "claim_3": 0.0,
          "claim_4": 0.0,
          "claim_5": 0.0,
          "claim_6": 0.0
        },
        "missing_elements": [],
        "recommendations": [
          "Ensure all claims are adequately supported by specification",
          "Add missing technical details to specification"
        ],
        "errors": [],
        "warnings": []
      },
      "errors": [],
      "warnings": []
    },
    "term_consistency": {
      "passed": false,
      "score": 0.0,
      "details": {
        "total_terms": 10,
        "consistent_terms": 0,
        "inconsistent_terms": [
          {
            "term": "的所述技术还包括名称",
            "usage": {
              "specification": 0,
              "claims": 1,
              "abstract": 0,
              "disclosure": 0
            },
            "issue": "Term only appears in claims section"
          },
          {
            "term": "的所述技术还包括专利",
            "usage": {
              "specification": 0,
              "claims": 1,
              "abstract": 0,
              "disclosure": 0
            },
            "issue": "Term only appears in claims section"
          },
          {
            "term": "的所述技术还包括编辑",
            "usage": {
              "specification": 0,
              "claims": 1,
              "abstract": 0,
              "disclosure": 0
            },
            "issue": "Term only appears in claims section"
          },
          {
            "term": "的所述技术还包括系统",
            "usage": {
              "specification": 0,
              "claims": 1,
              "abstract": 0,
              "disclosure": 0
            },
            "issue": "Term only appears in claims section"
          },
          {
            "term": "的所述技术还包括技术",
            "usage": {
              "specification": 0,
              "claims": 1,
              "abstract": 0,
              "disclosure": 0
            },
            "issue": "Term only appears in claims section"
          },
          {
            "term": "名称",
            "usage": {
              "specification": 0,
              "claims": 1,
              "abstract": 0,
              "disclosure": 0
            },
            "issue": "Term only appears in claims section"
          },
          {
            "term": "专利",
            "usage": {
              "specification": 0,
              "claims": 1,
              "abstract": 0,
              "disclosure": 0
            },
            "issue": "Term only appears in claims section"
          },
          {
            "term": "编辑",
            "usage": {
              "specification": 0,
              "claims": 1,
              "abstract": 0,
              "disclosure": 0
            },
            "issue": "Term only appears in claims section"
          },
          {
            "term": "系统",
            "usage": {
              "specification": 0,
              "claims": 1,
              "abstract": 0,
              "disclosure": 0
            },
            "issue": "Term only appears in claims section"
          },
          {
            "term": "技术",
            "usage": {
              "specification": 0,
              "claims": 1,
              "abstract": 0,
              "disclosure": 0
            },
            "issue": "Term only appears in claims section"
          }
        ],
        "term_usage": {
          "的所述技术还包括名称": {
            "specification": 0,
            "claims": 1,
            "abstract": 0,
            "disclosure": 0
          },
          "的所述技术还包括专利": {
            "specification": 0,
            "claims": 1,
            "abstract": 0,
            "disclosure": 0
          },
          "的所述技术还包括编辑": {
            "specification": 0,
            "claims": 1,
            "abstract": 0,
            "disclosure": 0
          },
          "的所述技术还包括系统": {
            "specification": 0,
            "claims": 1,
            "abstract": 0,
            "disclosure": 0
          },
          "的所述技术还包括技术": {
            "specification": 0,
            "claims": 1,
            "abstract": 0,
            "disclosure": 0
          },
          "名称": {
            "specification": 0,
            "claims": 1,
            "abstract": 0,
            "disclosure": 0
          },
          "专利": {
            "specification": 0,
            "claims": 1,
            "abstract": 0,
            "disclosure": 0
          },
          "编辑": {
            "specification": 0,
            "claims": 1,
            "abstract": 0,
            "disclosure": 0
          },
          "系统": {
            "specification": 0,
            "claims": 1,
            "abstract": 0,
            "disclosure": 0
          },
          "技术": {
            "specification": 0,
            "claims": 1,
            "abstract": 0,
            "disclosure": 0
          }
        },
        "recommendations": [
          "Standardize terminology across all sections",
          "Use consistent terms for the same concepts"
        ],
        "errors": [],
        "warnings": []
      },
      "errors": [],
      "warnings": []
    },
    "banned_words": {
      "passed": true,
      "score": 1.0,
      "details": {
        "total_violations": 0,
        "violations_by_category": {},
        "violations_by_severity": {
          "high": 0,
          "medium": 0,
          "low": 0
        },
        "critical_violations": [],
        "all_violations": [],
        "recommendations": [
          "Excellent: No banned words detected"
        ],
        "errors": [],
        "warnings": []
      },
      "errors": [],
      "warnings": []
    },
    "abstract_validation": {
      "passed": true,
      "score": 1.0,
      "details": {
        "length": 29,
        "has_title": true,
        "has_technical_field": true,
        "has_summary": true,
        "missing_elements": [],
        "length_issues": [
          "Abstract too short: 29 < 50"
        ],
        "recommendations": [],
        "errors": [],
        "warnings": []
      },
      "errors": [],
      "warnings": []
    },
    "background_leakage": {
      "passed": true,
      "score": 1.0,
      "details": {
        "background_length": 83,
        "leakage_issues": [],
        "overlap_scores": {
          "invention_content": 0.0,
          "embodiments": 0.0,
          "claims": 0.0
        },
        "leaked_content": [],
        "recommendations": [],
        "errors": [],
        "warnings": []
      },
      "errors": [],
      "warnings": []
    },
    "claim_quality": {
      "passed": true,
      "score": 1.0,
      "details": {
        "issues": [],
        "recommendations": [],
        "summary": {
          "claims_count": 6,
          "independent_claims_count": 1,
          "dependent_claims_count": 5,
          "independent_feature_count": 3,
          "total_feature_refs": 0,
          "unsupported_feature_refs": 0,
          "redundant_dependent_claims_count": 0,
          "redundant_pairs": []
        },
        "errors": [],
        "warnings": []
      },
      "errors": [],
      "warnings": []
    }
  },
  "errors": [],
  "warnings": [],
  "processing_time": 0.001998,
  "checks": [
    {
      "check": "ktf_completeness",
      "name": "A 技术完整性（KTF）",
      "passed": false,
      "score": 0.6,
      "errors": [],
      "warnings": [
        "KTF feature 1: Description is too short",
        "KTF feature 2: Description is too short",
        "KTF feature 3: Description is too short",
        "KTF feature 4: Description is too short",
        "KTF feature 5: Description is too short",
        "KTF feature 6: Description is too short",
        "KTF feature 7: Description is too short",
        "KTF feature 8: Description is too short",
        "KTF feature 9: Description is too short",
        "KTF feature 10: Description is too short",
        "KTF feature 11: Description is too short",
        "KTF feature 12: Description is too short",
        "KTF feature 13: Description is too short",
        "KTF feature 14: Description is too short",
        "KTF feature 15: Description is too short",
        "KTF feature 16: Description is too short",
        "Low coherence between problems, solutions, and effects"
      ],
      "issues": [],
      "details": {
        "ktf_features_count": 16,
        "problems_count": 0,
        "solutions_count": 1,
        "effects_count": 0,
        "missing_elements": [
          "problems",
          "effects"
        ],
        "recommendations": [
          "Document at least one technical problem",
          "Document at least one technical effect",
          "Good: Rich set of technical features documented"
        ],
        "errors": [],
        "warnings": [
          "KTF feature 1: Description is too short",
          "KTF feature 2: Description is too short",
          "KTF feature 3: Description is too short",
          "KTF feature 4: Description is too short",
          "KTF feature 5: Description is too short",
          "KTF feature 6: Description is too short",
          "KTF feature 7: Description is too short",
          "KTF feature 8: Description is too short",
          "KTF feature 9: Description is too short",
          "KTF feature 10: Description is too short",
          "KTF feature 11: Description is too short",
          "KTF feature 12: Description is too short",
          "KTF feature 13: Description is too short",
          "KTF feature 14: Description is too short",
          "KTF feature 15: Description is too short",
          "KTF feature 16: Description is too short",
          "Low coherence between problems, solutions, and effects"
        ]
      }
    },
    {
      "check": "supportability",
      "name": "B 支持性（权利要求←说明书）",
      "passed": false,
      "score": 0.0,
      "errors": [],
      "warnings": [],
      "issues": [],
      "details": {
        "claims_count": 6,
        "supported_claims": 0,
        "unsupported_claims": [
          1,
          2,
          3,
          4,
          5,
          6
        ],
        "support_scores": {
          "claim_1": 0.0,
          "claim_2": 0.0,
          "claim_3": 0.0,
          "claim_4": 0.0,
          "claim_5": 0.0,
          "claim_6": 0.0
        },
        "missing_elements": [],
        "recommendations": [
          "Ensure all claims are adequately supported by specification",
          "Add missing technical details to specification"
        ],
        "errors": [],
        "warnings": []
      }
    },
    {
      "check": "term_consistency",
      "name": "C 术语一致性",
      "passed": false,
      "score": 0.0,
      "errors": [],
      "warnings": [],
      "issues": [],
      "details": {
        "total_terms": 10,
        "consistent_terms": 0,
        "inconsistent_terms": [
          {
            "term": "的所述技术还包括名称",
            "usage": {
              "specification": 0,
              "claims": 1,
              "abstract": 0,
              "disclosure": 0
            },
            "issue": "Term only appears in claims section"
          },
          {
            "term": "的所述技术还包括专利",
            "usage": {
              "specification": 0,
              "claims": 1,
              "abstract": 0,
              "disclosure": 0
            },
            "issue": "Term only appears in claims section"
          },
          {
            "term": "的所述技术还包括编辑",
            "usage": {
              "specification": 0,
              "claims": 1,
              "abstract": 0,
              "disclosure": 0
            },
            "issue": "Term only appears in claims section"
          },
          {
            "term": "的所述技术还包括系统",
            "usage": {
              "specification": 0,
              "claims": 1,
              "abstract": 0,
              "disclosure": 0
            },
            "issue": "Term only appears in claims section"
          },
          {
            "term": "的所述技术还包括技术",
            "usage": {
              "specification": 0,
              "claims": 1,
              "abstract": 0,
              "disclosure": 0
            },
            "issue": "Term only appears in claims section"
          },
          {
            "term": "名称",
            "usage": {
              "specification": 0,
              "claims": 1,
              "abstract": 0,
              "disclosure": 0
            },
            "issue": "Term only appears in claims section"
          },
          {
            "term": "专利",
            "usage": {
              "specification": 0,
              "claims": 1,
              "abstract": 0,
              "disclosure": 0
            },
            "issue": "Term only appears in claims section"
          },
          {
            "term": "编辑",
            "usage": {
              "specification": 0,
              "claims": 1,
              "abstract": 0,
              "disclosure": 0
            },
            "issue": "Term only appears in claims section"
          },
          {
            "term": "系统",
            "usage": {
              "specification": 0,
              "claims": 1,
              "abstract": 0,
              "disclosure": 0
            },
            "issue": "Term only appears in claims section"
          },
          {
            "term": "技术",
            "usage": {
              "specification": 0,
              "claims": 1,
              "abstract": 0,
              "disclosure": 0
            },
            "issue": "Term only appears in claims section"
          }
        ],
        "term_usage": {
          "的所述技术还包括名称": {
            "specification": 0,
            "claims": 1,
            "abstract": 0,
            "disclosure": 0
          },
          "的所述技术还包括专利": {
            "specification": 0,
            "claims": 1,
            "abstract": 0,
            "disclosure": 0
          },
          "的所述技术还包括编辑": {
            "specification": 0,
            "claims": 1,
            "abstract": 0,
            "disclosure": 0
          },
          "的所述技术还包括系统": {
            "specification": 0,
            "claims": 1,
            "abstract": 0,
            "disclosure": 0
          },
          "的所述技术还包括技术": {
            "specification": 0,
            "claims": 1,
            "abstract": 0,
            "disclosure": 0
          },
          "名称": {
            "specification": 0,
            "claims": 1,
            "abstract": 0,
            "disclosure": 0
          },
          "专利": {
            "specification": 0,
            "claims": 1,
            "abstract": 0,
            "disclosure": 0
          },
          "编辑": {
            "specification": 0,
            "claims": 1,
            "abstract": 0,
            "disclosure": 0
          },
          "系统": {
            "specification": 0,
            "claims": 1,
            "abstract": 0,
            "disclosure": 0
          },
          "技术": {
            "specification": 0,
            "claims": 1,
            "abstract": 0,
            "disclosure": 0
          }
        },
        "recommendations": [
          "Standardize terminology across all sections",
          "Use consistent terms for the same concepts"
        ],
        "errors": [],
        "warnings": []
      }
    },
    {
      "check": "banned_words",
      "name": "D 禁用词/绝对化表述",
      "passed": true,
      "score": 1.0,
      "errors": [],
      "warnings": [],
      "issues": [],
      "details": {
        "total_violations": 0,
        "violations_by_category": {},
        "violations_by_severity": {
          "high": 0,
          "medium": 0,
          "low": 0
        },
        "critical_violations": [],
        "all_violations": [],
        "recommendations": [
          "Excellent: No banned words detected"
        ],
        "errors": [],
        "warnings": []
      }
    },
    {
      "check": "abstract_validation",
      "name": "E 摘要规范",
      "passed": true,
      "score": 1.0,
      "errors": [],
      "warnings": [],
      "issues": [],
      "details": {
        "length": 29,
        "has_title": true,
        "has_technical_field": true,
        "has_summary": true,
        "missing_elements": [],
        "length_issues": [
          "Abstract too short: 29 < 50"
        ],
        "recommendations": [],
        "errors": [],
        "warnings": []
      }
    },
    {
      "check": "background_leakage",
      "name": "F 背景泄漏/模板化问题",
      "passed": true,
      "score": 1.0,
      "errors": [],
      "warnings": [],
      "issues": [],
      "details": {
        "background_length": 83,
        "leakage_issues": [],
        "overlap_scores": {
          "invention_content": 0.0,
          "embodiments": 0.0,
          "claims": 0.0
        },
        "leaked_content": [],
        "recommendations": [],
        "errors": [],
        "warnings": []
      }
    },
    {
      "check": "claim_quality",
      "name": "G 权利要求质量（结构/覆盖/风险）",
      "passed": true,
      "score": 1.0,
      "errors": [],
      "warnings": [],
      "issues": [],
      "details": {
        "issues": [],
        "recommendations": [],
        "summary": {
          "claims_count": 6,
          "independent_claims_count": 1,
          "dependent_claims_count": 5,
          "independent_feature_count": 3,
          "total_feature_refs": 0,
          "unsupported_feature_refs": 0,
          "redundant_dependent_claims_count": 0,
          "redundant_pairs": []
        },
        "errors": [],
        "warnings": []
      }
    }
  ],
  "recommendations": [
    "Document at least one technical problem",
    "Document at least one technical effect",
    "Good: Rich set of technical features documented",
    "Ensure all claims are adequately supported by specification",
    "Add missing technical details to specification",
    "Standardize terminology across all sections",
    "Use consistent terms for the same concepts",
    "Excellent: No banned words detected"
  ],
  "kpis": {
    "claims_count": 6,
    "independent_claims_count": 1,
    "avg_claim_length": 26.666666666666668,
    "term_consistency_score": 0.0,
    "independent_claim_feature_count": 3,
    "avg_features_per_claim": 0.0,
    "unsupported_feature_ratio": 0.0,
    "redundant_claim_ratio": 0.0
  },
  "metadata": {
    "kpis": {
      "claims_count": 6,
      "independent_claims_count": 1,
      "avg_claim_length": 26.666666666666668,
      "term_consistency_score": 0.0,
      "independent_claim_feature_count": 3,
      "avg_features_per_claim": 0.0,
      "unsupported_feature_ratio": 0.0,
      "redundant_claim_ratio": 0.0
    }
  },
  "audit": {
    "run_trace_id": "9480805c-e416-4da8-b3d9-87d43d08bfe3",
    "document_version": 2,
    "extraction": {
      "source": "rules",
      "fallback_reason": "llm_unavailable_or_invalid",
      "trace_id": "a2b4cde5-e6e6-4aae-b792-81d830058473"
    },
    "generation": {
      "claims": {
        "source": "rules",
        "trace_id": "d34f179e-233d-4f05-b3fd-73dbf2aafcb4",
        "llm": null,
        "fallback_reason": "llm_unavailable_or_invalid"
      },
      "abstract": {
        "source": "rules",
        "trace_id": "909c572c-a011-4fa9-b8f4-1f56f1a192cd",
        "llm": null,
        "fallback_reason": "llm_unavailable_or_invalid"
      }
    },
    "llm": null,
    "last_edit": {
      "actor": "human_edit",
      "timestamp": "2026-01-03T19:07:55.470227+00:00",
      "section": "claims",
      "target": "claim:1"
    }
  },
  "document_version": 2,
  "edit_event_summary": {
    "counts_by_actor": {
      "human_edit": 1
    },
    "total": 1
  }
}